INSERT INTO `palestra`.`discipline` (`Nome`) VALUES ('BJJ'), ('Judo'), ('Karate');
INSERT INTO `palestra`.`palestre` (`Ubicazione`, `affitto`) VALUES ('Via Boito, Castelfranco Veneto', NULL), ('Via Puccini, Castelfranco Veneto', '100'), ('Via Verdi, Bella Venezia', '159');
INSERT INTO `palestra`.`utenti` (`username`, `password`, `codicefiscale`) VALUES ('admin', 'admin', 'ONDRNZ60G22C111Q'), ('Bressan@gmail.com', 'password', 'BRSPRD93G11C111Q');
INSERT INTO `palestra`.`utenti` (`username`, `password`, `codicefiscale`) VALUES ('Sodets', 'password', 'CCISLV93L18C111Q'), ('amatorejudo', 'password', 'AMAJDO90G11C111Q');
INSERT INTO `palestra`.`maestri` (`Nome`, `Cognome`, `DataNascita`, `NumTel`, `codfiscale`) VALUES ('Renzo', 'Ondei', '1960-01-22', '0423741234', 'ONDRNZ60G22C111Q'), ('Silvio', 'Cici', '1993-07-18', '3402034156', 'CCISLV93L18C111Q');
INSERT INTO `palestra`.`maestri` (`Nome`, `Cognome`, `DataNascita`, `NumTel`, `codfiscale`) VALUES ('Paride', 'Bressan', '1993-06-11', '3404323531', 'BRSPRD93G11C111Q');
INSERT INTO `palestra`.`utenti` (`username`, `password`, `codicefiscale`) VALUES ('amatorekarate', 'password', 'AMAKAR90G11C111Q'), ('amatorebjj', 'password', 'AMABJJ90G11C111Q'), ('agonistajudo', 'password', 'AGOJDO90G11C111Q'), ('agonistakarate', 'password', 'AGOKAR90G11C111Q'), ('agonistabjj', 'password', 'AGOBJJ90G11C111Q');
INSERT INTO `palestra`.`utenti` (`username`, `password`, `codicefiscale`) VALUES ('allievoesempio', 'password', 'ALLESE93L12C111Q');
INSERT INTO `palestra`.`allievo` (`CodiceFiscale`, `Nome`, `Cognome`, `DataNascita`, `Pagamenti_in_regola`) VALUES ('AMAKAR90G11C111Q', 'amatorekarate', 'freschi', '1998-02-11', '1'), ('AGOBJJ90G11C111Q', 'agonistabjj', 'rossi', '1990-06-11', '1'), ('AGOJDO90G11C111Q', 'agonistajudo', 'bruni', '1990-01-11', '1'), ('AGOKAR90G11C111Q', 'agonistakarate', 'bianchi', '1990-03-20', '1'), ('AMABJJ90G11C111Q', 'amatorebjj', 'sartorello', '1992-03-12', '1'), ('AMAJDO90G11C111Q', 'amatorejudo', 'blu', '1982-02-13', '1');
INSERT INTO `palestra`.`allievo` (`CodiceFiscale`, `Nome`, `Cognome`, `DataNascita`, `Pagamenti_in_regola`) VALUES ('ALLESE93L12C111Q', 'allievoesempio', 'deluca', '1994-11-11', '1');
INSERT INTO `palestra`.`agonisti` (`Disciplina`, `Allievo`) VALUES ('BJJ', 'AGOBJJ90G11C111Q'), ('Judo', 'AGOJDO90G11C111Q'), ('Karate', 'AGOKAR90G11C111Q');
INSERT INTO `palestra`.`non_agonisti` (`Disciplina`, `Allievo`, `Amatore`) VALUES ('BJJ', 'AMABJJ90G11C111Q', '1'), ('Judo', 'AMABJJ90G11C111Q', '0'), ('Karate', 'AMABJJ90G11C111Q', '0'), ('BJJ', 'ALLESE93L12C111Q', '0'), ('Judo', 'ALLESE93L12C111Q', '0'), ('Karate', 'ALLESE93L12C111Q', '0'), ('BJJ', 'AMAJDO90G11C111Q', '0'), ('Judo', 'AMAJDO90G11C111Q', '1'), ('Karate', 'AMAJDO90G11C111Q', '0'), ('BJJ', 'AMAKAR90G11C111Q', '0'), ('Judo', 'AMAKAR90G11C111Q', '0'), ('Karate', 'AMAKAR90G11C111Q', '1');
INSERT INTO `palestra`.`insegnamento` (`Insegnante`, `Disciplina`) VALUES ('ONDRNZ60G22C111Q', 'Judo'), ('CCISLV93L18C111Q', 'Judo'), ('CCISLV93L18C111Q', 'BJJ'), ('BRSPRD93G11C111Q', 'Karate');
INSERT INTO `palestra`.`corsi` (`Insegnante`, `Disciplina`, `Prezzo`, `id_corso`, `fascia_eta`, `agonistico`) VALUES ('ONDRNZ60G22C111Q', 'Judo', '20', NULL, '-11', '0'), ('ONDRNZ60G22C111Q', 'Judo', '25', NULL, '12-15', '0'), ('ONDRNZ60G22C111Q', 'Judo', '30', NULL, '16-35', '0'), ('ONDRNZ60G22C111Q', 'Judo', '30', NULL, '+35', '0'), ('CCISLV93L18C111Q', 'Judo', '40', NULL, '16-35', '1'), ('CCISLV93L18C111Q', 'BJJ', '40', NULL, '16-35', '1'), ('BRSPRD93G11C111Q', 'Karate', '40', NULL, '16-35', '1'), ('BRSPRD93G11C111Q', 'Karate', '30', NULL, '12-15', '0');
INSERT INTO `palestra`.`gare` (`Ubicazione`, `Giorno`, `Disciplina`, `Costo_trasferta`, `NomeGara`) VALUES ('Lignano', '2016-03-15 08:00:00', 'Judo', '30', 'Lignano CUP'), ('Milano', '2015-12-12 09:00:00', 'BJJ', '50', 'Milano Challenge'), ('Venezia', '2016-3-12 09:00:00', 'Karate', '35', 'Trofeo Topolino');
INSERT INTO `palestra`.`preiscrizioni` (`Allievo`, `UbicazioneGara`, `GiornoGara`, `Disciplina`) VALUES ('AGOBJJ90G11C111Q', 'Milano', '2015-12-12 09:00:00', 'BJJ'), ('AGOKAR90G11C111Q', 'Venezia', '2016-03-12 09:00:00', 'Karate'), ('AGOJDO90G11C111Q', 'Lignano', '2016-03-15 08:00:00', 'Judo');